{
  "project_info": {
    "project_number": "200287446111",
    "project_id": "lyka-7183e",
    "storage_bucket": "lyka-7183e.appspot.com"
  },
  "client": [
    {
      "client_info": {
        "mobilesdk_app_id": "1:200287446111:android:a029fec0349aaeb16e67ea",
        "android_client_info": {
          "package_name": "com.example.lyka"
        }
      },
      "oauth_client": [
        {
          "client_id": "200287446111-l3epvkd8mbe33so15t3l9vkq3mk75igo.apps.googleusercontent.com",
          "client_type": 3
        }
      ],
      "api_key": [
        {
          "current_key": "AIzaSyA8HfPec7GsrZuAZrBkTDvRUPS9VrDDUH4"
        }
      ],
      "services": {
        "appinvite_service": {
          "other_platform_oauth_client": [
            {
              "client_id": "200287446111-l3epvkd8mbe33so15t3l9vkq3mk75igo.apps.googleusercontent.com",
              "client_type": 3
            }
          ]
        }
      }
    }
  ],
  "configuration_version": "1"
}